CustomerID,FirstName,LastName,Email,Phone,Address,City,State,PostalCode,Country
1,Eve,Williams,eve.williams@example.com,289-6096,101 Pine Rd,Chicago,IL,83205,Canada
2,Bob,Davis,bob.davis@company.com,317-4919,456 Elm St,Los Angeles,CA,77241,Mexico
3,Bob,Garcia,bob.garcia@example.com,944-5847,101 Pine Rd,Houston,AZ,99276,Mexico
4,Jane,Williams,jane.williams@example.com,164-3258,202 Oak St,New York,CA,29256,USA
5,Eve,Wilson,eve.wilson@mail.com,874-7483,101 Pine Rd,Phoenix,AZ,15429,Mexico
6,Diana,Davis,diana.davis@mail.com,484-9582,123 Main St,Houston,TX,98855,USA
7,Hank,Garcia,hank.garcia@domain.com,833-7691,456 Elm St,Houston,NY,64594,Mexico
8,Bob,Jones,bob.jones@company.com,259-3752,789 Maple Ave,New York,NY,21033,Mexico
9,Hank,Garcia,hank.garcia@mail.com,533-1660,123 Main St,Phoenix,CA,34029,Mexico
10,Grace,Brown,grace.brown@domain.com,867-8417,123 Main St,Chicago,CA,43440,Mexico
11,Eve,Davis,eve.davis@domain.com,603-2719,123 Main St,New York,AZ,44914,Canada
12,Jane,Brown,jane.brown@domain.com,259-3170,789 Maple Ave,Los Angeles,CA,19804,Canada
13,Jane,Smith,jane.smith@mail.com,598-8553,202 Oak St,Phoenix,TX,40844,USA
14,Bob,Johnson,bob.johnson@example.com,921-3898,456 Elm St,Houston,AZ,19413,Canada
15,Jane,Rodriguez,jane.rodriguez@example.com,567-1961,789 Maple Ave,Houston,NY,62182,USA
16,Jane,Rodriguez,jane.rodriguez@example.com,911-3634,456 Elm St,Chicago,IL,33459,Mexico
17,Grace,Jones,grace.jones@domain.com,570-6746,789 Maple Ave,Phoenix,AZ,89222,USA
18,Charlie,Wilson,charlie.wilson@domain.com,410-4943,456 Elm St,Chicago,AZ,93650,USA
19,Diana,Wilson,diana.wilson@company.com,220-3135,456 Elm St,Chicago,TX,13691,USA
20,Charlie,Johnson,charlie.johnson@example.com,230-4385,202 Oak St,Los Angeles,TX,41534,USA
21,Charlie,Smith,charlie.smith@domain.com,568-3086,123 Main St,Houston,AZ,34101,Mexico
22,Diana,Smith,diana.smith@domain.com,755-7367,456 Elm St,Los Angeles,TX,47357,Mexico
23,Jane,Johnson,jane.johnson@mail.com,793-5310,789 Maple Ave,Houston,CA,49913,Mexico
24,Eve,Johnson,eve.johnson@domain.com,725-7001,456 Elm St,Houston,NY,83423,Mexico
25,Eve,Jones,eve.jones@example.com,878-3158,789 Maple Ave,Phoenix,NY,34872,Canada
26,Alice,Johnson,alice.johnson@company.com,999-3080,101 Pine Rd,Los Angeles,AZ,56996,Mexico
27,Diana,Johnson,diana.johnson@company.com,482-3161,456 Elm St,Houston,TX,27371,USA
28,Frank,Wilson,frank.wilson@domain.com,928-8938,123 Main St,Phoenix,TX,65852,USA
29,Eve,Rodriguez,eve.rodriguez@example.com,458-4471,456 Elm St,Houston,AZ,12131,Mexico
30,John,Jones,john.jones@mail.com,801-1760,123 Main St,Chicago,TX,90165,Mexico
31,Hank,Miller,hank.miller@domain.com,454-1944,456 Elm St,Los Angeles,AZ,53596,Mexico
32,Eve,Davis,eve.davis@company.com,899-5454,101 Pine Rd,New York,AZ,34483,Mexico
33,Alice,Johnson,alice.johnson@domain.com,632-9195,456 Elm St,Chicago,TX,43283,USA
34,Frank,Rodriguez,frank.rodriguez@example.com,835-7797,789 Maple Ave,New York,AZ,58068,Mexico
35,John,Wilson,john.wilson@example.com,556-2641,101 Pine Rd,Houston,TX,81380,Canada
36,Grace,Johnson,grace.johnson@domain.com,854-9520,202 Oak St,Houston,NY,45980,Canada
37,Diana,Johnson,diana.johnson@company.com,502-2329,202 Oak St,Phoenix,CA,23159,Mexico
38,John,Johnson,john.johnson@company.com,244-2538,456 Elm St,Chicago,TX,51281,USA
39,Alice,Davis,alice.davis@company.com,712-8247,123 Main St,New York,IL,18385,Mexico
40,Eve,Wilson,eve.wilson@mail.com,314-7191,101 Pine Rd,New York,TX,62461,Canada
41,Diana,Garcia,diana.garcia@example.com,281-6352,101 Pine Rd,New York,IL,94032,Canada
42,Eve,Johnson,eve.johnson@mail.com,839-6583,456 Elm St,Chicago,AZ,48505,Mexico
43,Jane,Garcia,jane.garcia@mail.com,672-8036,123 Main St,Phoenix,TX,43238,Mexico
44,Alice,Williams,alice.williams@mail.com,565-9376,202 Oak St,Los Angeles,NY,53338,Mexico
45,Bob,Rodriguez,bob.rodriguez@mail.com,666-6067,123 Main St,Chicago,AZ,13053,Canada
46,Alice,Miller,alice.miller@company.com,447-2405,101 Pine Rd,Houston,CA,98781,USA
47,Hank,Smith,hank.smith@company.com,846-4504,101 Pine Rd,Phoenix,NY,96555,Mexico
48,Frank,Davis,frank.davis@mail.com,814-7236,123 Main St,New York,IL,15116,Canada
49,Alice,Miller,alice.miller@example.com,305-5886,123 Main St,Phoenix,TX,30198,Mexico
50,Eve,Williams,eve.williams@domain.com,470-5179,202 Oak St,New York,NY,19406,Canada
51,Jane,Smith,jane.smith@domain.com,686-1363,456 Elm St,Houston,CA,40088,Mexico
52,Jane,Miller,jane.miller@company.com,913-4294,456 Elm St,New York,AZ,33127,Canada
53,Diana,Davis,diana.davis@mail.com,816-6949,456 Elm St,Los Angeles,CA,87537,USA
54,Bob,Johnson,bob.johnson@company.com,619-1235,789 Maple Ave,New York,CA,66026,USA
55,Grace,Wilson,grace.wilson@company.com,985-2735,456 Elm St,Los Angeles,TX,57275,Mexico
56,John,Johnson,john.johnson@example.com,371-3558,202 Oak St,Phoenix,TX,94358,Canada
57,Alice,Brown,alice.brown@mail.com,604-4913,789 Maple Ave,New York,NY,32521,Canada
58,Bob,Johnson,bob.johnson@example.com,612-2282,123 Main St,Phoenix,CA,77691,Canada
59,Grace,Brown,grace.brown@mail.com,831-4264,101 Pine Rd,Chicago,CA,85269,Canada
60,Alice,Rodriguez,alice.rodriguez@mail.com,614-7071,101 Pine Rd,Phoenix,AZ,20757,Mexico
61,Alice,Garcia,alice.garcia@domain.com,518-6592,123 Main St,Los Angeles,IL,39681,Mexico
62,Jane,Davis,jane.davis@domain.com,853-3877,123 Main St,Houston,TX,93125,USA
63,Hank,Wilson,hank.wilson@example.com,755-5683,456 Elm St,Houston,NY,73765,Mexico
64,Frank,Jones,frank.jones@mail.com,451-1426,123 Main St,Phoenix,CA,47008,Canada
65,Charlie,Wilson,charlie.wilson@company.com,221-2318,456 Elm St,New York,NY,35471,Canada
66,Grace,Wilson,grace.wilson@mail.com,127-5168,789 Maple Ave,Chicago,CA,54987,USA
67,Bob,Wilson,bob.wilson@domain.com,502-2053,789 Maple Ave,New York,IL,48211,USA
68,Grace,Jones,grace.jones@mail.com,323-4399,123 Main St,Phoenix,IL,97623,USA
69,Eve,Smith,eve.smith@company.com,152-2437,789 Maple Ave,Houston,TX,27840,Mexico
70,Bob,Brown,bob.brown@company.com,998-8935,123 Main St,Chicago,NY,29793,Mexico
71,Hank,Smith,hank.smith@mail.com,625-2497,789 Maple Ave,New York,AZ,63564,Canada
72,Eve,Jones,eve.jones@domain.com,776-9953,202 Oak St,Houston,AZ,66925,USA
73,Charlie,Smith,charlie.smith@example.com,277-8593,101 Pine Rd,Los Angeles,CA,61525,Canada
74,Jane,Wilson,jane.wilson@example.com,664-3360,101 Pine Rd,Phoenix,AZ,47938,Canada
75,Hank,Davis,hank.davis@domain.com,152-7240,456 Elm St,New York,CA,56401,Canada
76,Bob,Miller,bob.miller@domain.com,383-9785,101 Pine Rd,Phoenix,CA,50927,USA
77,Hank,Johnson,hank.johnson@domain.com,575-6867,101 Pine Rd,Houston,CA,12129,USA
78,Jane,Miller,jane.miller@domain.com,938-3147,101 Pine Rd,Phoenix,CA,17707,USA
79,Grace,Miller,grace.miller@mail.com,930-2689,101 Pine Rd,New York,IL,99745,Mexico
80,Frank,Davis,frank.davis@mail.com,879-3752,456 Elm St,New York,IL,97329,Canada
81,Diana,Smith,diana.smith@domain.com,478-5448,456 Elm St,Los Angeles,NY,79391,Canada
82,Eve,Garcia,eve.garcia@mail.com,272-3160,123 Main St,Houston,TX,56353,Canada
83,Jane,Rodriguez,jane.rodriguez@domain.com,890-2466,101 Pine Rd,Los Angeles,TX,83803,Canada
84,Eve,Miller,eve.miller@domain.com,499-2036,789 Maple Ave,New York,TX,71518,Canada
85,John,Brown,john.brown@mail.com,301-6487,202 Oak St,Phoenix,AZ,60296,USA
86,Alice,Williams,alice.williams@mail.com,182-3408,456 Elm St,Houston,AZ,25501,USA
87,Alice,Jones,alice.jones@company.com,937-4095,123 Main St,Phoenix,NY,42402,Mexico
88,Grace,Garcia,grace.garcia@mail.com,794-9743,101 Pine Rd,New York,NY,27727,Canada
89,Diana,Johnson,diana.johnson@example.com,586-6102,123 Main St,Los Angeles,NY,93857,Mexico
90,Frank,Johnson,frank.johnson@domain.com,818-3025,789 Maple Ave,Chicago,IL,24469,Mexico
91,John,Miller,john.miller@company.com,450-9648,202 Oak St,Phoenix,TX,41877,Mexico
92,Charlie,Rodriguez,charlie.rodriguez@domain.com,998-2989,123 Main St,Phoenix,IL,71291,USA
93,Jane,Jones,jane.jones@example.com,347-6595,456 Elm St,Los Angeles,TX,85899,Canada
94,Eve,Rodriguez,eve.rodriguez@company.com,567-7994,101 Pine Rd,Houston,CA,12525,Canada
95,Alice,Smith,alice.smith@example.com,248-8513,101 Pine Rd,Houston,CA,47583,Canada
96,Alice,Jones,alice.jones@company.com,615-6443,123 Main St,Houston,NY,41923,USA
97,Frank,Johnson,frank.johnson@example.com,307-1407,101 Pine Rd,Phoenix,TX,93023,Mexico
98,Alice,Johnson,alice.johnson@mail.com,493-5867,101 Pine Rd,Chicago,TX,24325,Canada
99,Diana,Brown,diana.brown@domain.com,684-1676,456 Elm St,Phoenix,IL,30662,Canada
100,Hank,Brown,hank.brown@mail.com,171-4753,789 Maple Ave,New York,TX,96837,Canada
101,Bob,Wilson,bob.wilson@mail.com,339-4535,123 Main St,Los Angeles,CA,20246,Mexico
102,Hank,Garcia,hank.garcia@domain.com,329-5355,789 Maple Ave,Phoenix,IL,40282,USA
103,Frank,Johnson,frank.johnson@company.com,973-6795,456 Elm St,Los Angeles,CA,71912,Mexico
104,Hank,Brown,hank.brown@company.com,228-3743,101 Pine Rd,Phoenix,NY,90584,Mexico
105,John,Davis,john.davis@mail.com,217-9139,123 Main St,Phoenix,TX,75808,Canada
106,Diana,Wilson,diana.wilson@domain.com,113-9256,101 Pine Rd,Phoenix,TX,21524,Mexico
107,John,Johnson,john.johnson@example.com,929-3050,202 Oak St,Houston,AZ,78908,Canada
108,Eve,Miller,eve.miller@example.com,824-5135,456 Elm St,New York,AZ,89089,Canada
109,John,Garcia,john.garcia@mail.com,693-5664,123 Main St,Phoenix,NY,49099,Canada
110,Frank,Davis,frank.davis@mail.com,997-5705,123 Main St,Houston,AZ,97667,USA
111,Grace,Miller,grace.miller@domain.com,917-2452,202 Oak St,Phoenix,IL,50015,USA
112,Charlie,Miller,charlie.miller@mail.com,132-3799,202 Oak St,Phoenix,AZ,98350,USA
113,Bob,Rodriguez,bob.rodriguez@example.com,669-7000,789 Maple Ave,Houston,IL,17484,Canada
114,Frank,Johnson,frank.johnson@mail.com,979-8138,101 Pine Rd,Chicago,AZ,32997,Canada
115,John,Garcia,john.garcia@example.com,904-6862,202 Oak St,Chicago,IL,98796,Mexico
116,Alice,Davis,alice.davis@mail.com,724-9648,789 Maple Ave,Los Angeles,NY,16687,Mexico
117,Bob,Miller,bob.miller@company.com,703-2270,123 Main St,New York,IL,50353,Mexico
118,Hank,Brown,hank.brown@mail.com,555-8663,123 Main St,Los Angeles,AZ,85626,USA
119,Grace,Davis,grace.davis@mail.com,109-9775,456 Elm St,Los Angeles,CA,60983,Canada
120,Alice,Garcia,alice.garcia@example.com,293-1246,202 Oak St,Los Angeles,TX,81394,USA
121,Charlie,Miller,charlie.miller@company.com,991-4949,123 Main St,Los Angeles,CA,80707,USA
122,Hank,Miller,hank.miller@example.com,304-7723,202 Oak St,Los Angeles,CA,55321,Canada
123,Charlie,Rodriguez,charlie.rodriguez@example.com,987-7970,456 Elm St,Phoenix,TX,14315,USA
124,Jane,Garcia,jane.garcia@company.com,161-3874,789 Maple Ave,Los Angeles,CA,64317,Mexico
125,Alice,Williams,alice.williams@domain.com,767-7912,123 Main St,Los Angeles,CA,28995,Canada
126,Diana,Garcia,diana.garcia@company.com,573-6555,456 Elm St,Los Angeles,TX,45940,USA
127,Alice,Garcia,alice.garcia@mail.com,682-5662,123 Main St,Phoenix,CA,50306,USA
128,Frank,Wilson,frank.wilson@mail.com,589-1060,789 Maple Ave,Houston,TX,11700,Mexico
129,Eve,Jones,eve.jones@example.com,944-2705,202 Oak St,New York,AZ,91436,USA
130,Charlie,Jones,charlie.jones@mail.com,634-5818,789 Maple Ave,Chicago,CA,96670,Canada
131,Grace,Wilson,grace.wilson@mail.com,202-2250,456 Elm St,New York,AZ,16289,USA
132,Bob,Miller,bob.miller@domain.com,978-8930,789 Maple Ave,Chicago,NY,83843,Mexico
133,John,Miller,john.miller@example.com,565-5617,123 Main St,Los Angeles,IL,15087,Mexico
134,Grace,Wilson,grace.wilson@mail.com,790-5791,789 Maple Ave,Los Angeles,CA,87139,Mexico
135,Bob,Wilson,bob.wilson@domain.com,536-7677,101 Pine Rd,Los Angeles,AZ,68597,USA
136,Diana,Brown,diana.brown@example.com,624-9227,101 Pine Rd,New York,AZ,20764,Canada
137,Grace,Smith,grace.smith@company.com,288-2366,202 Oak St,New York,IL,27133,USA
138,Frank,Garcia,frank.garcia@mail.com,451-2700,101 Pine Rd,Los Angeles,NY,85248,Canada
139,Alice,Davis,alice.davis@example.com,554-4696,202 Oak St,Houston,CA,15201,Canada
140,Bob,Davis,bob.davis@mail.com,214-1804,202 Oak St,Houston,TX,35236,Canada
141,Frank,Williams,frank.williams@company.com,295-1480,456 Elm St,Phoenix,TX,92935,Canada
142,Jane,Williams,jane.williams@example.com,123-1274,456 Elm St,Phoenix,TX,48648,Canada
143,Jane,Garcia,jane.garcia@mail.com,824-3399,202 Oak St,Houston,NY,55341,Canada
144,Jane,Rodriguez,jane.rodriguez@mail.com,614-5882,101 Pine Rd,Houston,TX,81275,USA
145,Frank,Wilson,frank.wilson@domain.com,124-4590,123 Main St,Phoenix,TX,78574,USA
146,Eve,Johnson,eve.johnson@company.com,484-5231,789 Maple Ave,Houston,AZ,28817,USA
147,Frank,Johnson,frank.johnson@company.com,132-1498,101 Pine Rd,Chicago,AZ,96823,USA
148,Grace,Wilson,grace.wilson@domain.com,394-1003,456 Elm St,New York,NY,94098,Canada
149,Charlie,Williams,charlie.williams@company.com,632-1183,789 Maple Ave,Los Angeles,IL,63316,Canada
150,Eve,Williams,eve.williams@example.com,898-8512,101 Pine Rd,New York,NY,82719,USA
151,Hank,Wilson,hank.wilson@company.com,671-5990,456 Elm St,New York,IL,11800,USA
152,Hank,Garcia,hank.garcia@domain.com,992-3947,789 Maple Ave,Houston,TX,42127,Canada
153,Bob,Johnson,bob.johnson@company.com,280-2152,101 Pine Rd,Phoenix,CA,38118,Canada
154,Grace,Brown,grace.brown@domain.com,732-4812,101 Pine Rd,Phoenix,TX,23787,Mexico
155,Jane,Garcia,jane.garcia@example.com,927-3499,123 Main St,Houston,TX,50926,Canada
156,John,Wilson,john.wilson@domain.com,671-4393,123 Main St,Los Angeles,NY,53799,Canada
157,John,Miller,john.miller@company.com,670-7955,202 Oak St,New York,NY,11568,Mexico
158,Charlie,Johnson,charlie.johnson@mail.com,203-1871,789 Maple Ave,New York,NY,30379,Canada
159,Frank,Williams,frank.williams@domain.com,699-1150,101 Pine Rd,New York,CA,58943,USA
160,Charlie,Wilson,charlie.wilson@example.com,337-9457,101 Pine Rd,Chicago,TX,35062,Mexico
161,John,Jones,john.jones@domain.com,415-7282,101 Pine Rd,New York,AZ,38200,Canada
162,John,Williams,john.williams@example.com,806-9454,101 Pine Rd,Los Angeles,IL,70973,Canada
163,Grace,Rodriguez,grace.rodriguez@domain.com,254-8870,789 Maple Ave,Los Angeles,AZ,19447,Canada
164,Diana,Davis,diana.davis@mail.com,548-3095,123 Main St,Phoenix,AZ,99071,Canada
165,Alice,Johnson,alice.johnson@example.com,954-4305,789 Maple Ave,Chicago,TX,67693,USA
166,Diana,Rodriguez,diana.rodriguez@example.com,946-7496,789 Maple Ave,Phoenix,TX,10528,Canada
167,Charlie,Jones,charlie.jones@example.com,918-3074,456 Elm St,Los Angeles,TX,30711,USA
168,Eve,Smith,eve.smith@domain.com,523-2341,789 Maple Ave,Phoenix,NY,65648,USA
169,Frank,Garcia,frank.garcia@domain.com,106-2569,123 Main St,Los Angeles,NY,53225,Canada
170,Alice,Rodriguez,alice.rodriguez@domain.com,312-9464,789 Maple Ave,New York,CA,57387,Canada
171,Diana,Miller,diana.miller@company.com,850-3676,123 Main St,New York,NY,40011,Mexico
172,Hank,Brown,hank.brown@example.com,861-2578,789 Maple Ave,Phoenix,TX,33914,Canada
173,Charlie,Williams,charlie.williams@mail.com,410-7259,789 Maple Ave,Houston,AZ,12687,USA
174,Eve,Garcia,eve.garcia@mail.com,540-6726,123 Main St,New York,IL,34694,USA
175,Diana,Davis,diana.davis@company.com,434-6077,456 Elm St,Phoenix,TX,72433,Canada
176,Diana,Rodriguez,diana.rodriguez@domain.com,413-8617,202 Oak St,New York,TX,36694,Canada
177,Jane,Wilson,jane.wilson@domain.com,331-3598,202 Oak St,Houston,TX,19980,Mexico
178,Hank,Johnson,hank.johnson@company.com,881-4695,101 Pine Rd,Phoenix,TX,49402,Mexico
179,Bob,Johnson,bob.johnson@company.com,939-1641,101 Pine Rd,Los Angeles,CA,46408,USA
180,Eve,Jones,eve.jones@example.com,628-5805,123 Main St,Phoenix,IL,11572,Mexico
181,Eve,Davis,eve.davis@company.com,205-7570,123 Main St,New York,NY,45853,Canada
182,Jane,Brown,jane.brown@example.com,708-6963,789 Maple Ave,Chicago,IL,62309,Mexico
183,Frank,Garcia,frank.garcia@domain.com,583-4489,123 Main St,New York,TX,34370,Canada
184,Eve,Davis,eve.davis@mail.com,134-4664,789 Maple Ave,Chicago,NY,34382,Mexico
185,Eve,Davis,eve.davis@domain.com,853-8556,101 Pine Rd,Houston,NY,48997,USA
186,Alice,Davis,alice.davis@mail.com,195-7636,456 Elm St,Los Angeles,IL,27768,USA
187,Charlie,Jones,charlie.jones@example.com,368-8328,456 Elm St,Los Angeles,NY,96878,Mexico
188,Jane,Davis,jane.davis@example.com,853-3794,456 Elm St,New York,IL,56241,Mexico
189,Frank,Jones,frank.jones@example.com,414-5590,123 Main St,Phoenix,AZ,41116,USA
190,Alice,Wilson,alice.wilson@example.com,189-7798,789 Maple Ave,Phoenix,CA,78167,Canada
191,Eve,Smith,eve.smith@company.com,841-2586,202 Oak St,New York,CA,29287,Mexico
192,Hank,Smith,hank.smith@domain.com,311-2342,123 Main St,Chicago,CA,92556,USA
193,Bob,Garcia,bob.garcia@example.com,199-4210,123 Main St,Los Angeles,CA,49513,Mexico
194,Grace,Smith,grace.smith@example.com,403-4971,202 Oak St,Chicago,NY,74966,USA
195,John,Rodriguez,john.rodriguez@company.com,670-9802,202 Oak St,Phoenix,IL,39657,USA
196,John,Miller,john.miller@example.com,252-4710,789 Maple Ave,Phoenix,IL,95417,USA
197,Charlie,Johnson,charlie.johnson@domain.com,704-8697,101 Pine Rd,Chicago,TX,59042,USA
198,Eve,Garcia,eve.garcia@example.com,216-1413,123 Main St,Los Angeles,NY,69683,Canada
199,Diana,Johnson,diana.johnson@domain.com,383-2137,123 Main St,Phoenix,IL,20992,Canada
200,Hank,Davis,hank.davis@mail.com,636-3997,202 Oak St,Houston,TX,60905,USA
